,age,ap_hi,cholesterol,ecg_predicted_risk
age,1.0,0.129908533235488,0.1671395343970167,-0.001475504916534467
ap_hi,0.129908533235488,1.0,0.12829492403261022,-0.013048388293646778
cholesterol,0.1671395343970167,0.12829492403261022,1.0,-0.01815629227081725
ecg_predicted_risk,-0.001475504916534467,-0.013048388293646778,-0.01815629227081725,1.0
