Model,ROC_AUC
Clinical Only,0.7781135602003463
ECG-Derived Risk Only,0.5164118488109962
Clinical + ECG,0.7480285606519126
